issue,date,numbers
2024001,2024-01-01,05 22 24 26 27 35 39 41 44 45 48 50 51 54 58 59 69 70 76 80
2024002,2024-01-02,09 10 12 18 21 23 24 26 30 31 36 40 45 50 61 63 73 75 78 79
2024003,2024-01-03,02 08 18 19 20 21 22 24 34 39 44 46 48 51 52 54 58 66 71 74
2024004,2024-01-04,02 03 06 11 19 21 32 40 44 45 46 56 59 60 61 64 70 73 76 79
2024005,2024-01-05,02 06 15 29 32 33 39 45 46 47 49 57 59 60 63 69 71 72 73 79
2024006,2024-01-06,03 05 10 12 16 19 20 27 28 32 41 43 45 48 54 70 71 72 79 80
2024007,2024-01-07,11 13 16 24 27 29 30 33 34 43 47 53 60 61 62 68 71 76 78 80
2024008,2024-01-08,01 03 05 06 08 19 25 26 35 40 52 54 58 60 63 66 68 71 74 76
2024009,2024-01-09,03 09 10 15 17 28 49 50 51 53 60 63 64 65 66 70 73 76 77 79
2024010,2024-01-10,06 09 18 23 27 32 33 34 46 47 57 58 63 64 70 71 72 76 77 79
2024011,2024-01-11,04 12 13 14 15 17 18 25 26 41 43 46 53 54 55 56 59 60 68 75
2024012,2024-01-12,01 08 11 14 17 43 45 53 55 56 57 58 62 63 68 71 72 76 77 78
2024013,2024-01-13,03 05 06 12 15 16 19 23 24 27 38 40 45 47 56 61 69 74 77 80
2024014,2024-01-14,04 10 12 14 15 20 23 24 28 30 38 39 45 56 58 61 63 72 76 77
2024015,2024-01-15,01 02 06 19 23 25 28 30 34 35 36 39 49 50 53 54 57 62 73 76
2024016,2024-01-16,03 07 08 09 14 24 27 28 29 34 36 41 42 44 50 56 57 65 66 71
2024017,2024-01-17,01 05 10 11 12 20 22 24 26 28 39 41 51 57 59 67 71 72 76 78
2024018,2024-01-18,05 09 11 14 15 25 26 36 38 41 42 45 55 58 60 61 63 68 71 79
2024019,2024-01-19,06 21 33 35 36 40 41 46 52 56 58 61 62 64 67 69 70 72 76 79
2024020,2024-01-20,04 10 18 19 20 29 30 32 36 37 42 48 50 54 56 61 64 68 77 78
2024021,2024-01-21,02 08 13 17 22 25 28 30 33 37 40 45 51 58 59 60 63 64 75 78
2024022,2024-01-22,02 03 07 12 23 24 30 31 41 42 44 51 52 55 56 57 59 72 76 77
2024023,2024-01-23,01 11 12 25 33 35 37 38 43 44 45 51 54 57 60 67 68 74 75 79
2024024,2024-01-24,01 05 10 11 13 15 16 17 27 29 34 35 37 56 57 60 66 67 68 76
2024025,2024-01-25,01 11 14 18 19 20 24 25 30 31 32 33 44 55 56 57 62 70 73 80
2024026,2024-01-26,02 05 06 10 13 15 34 40 41 45 49 57 61 62 66 67 68 69 74 75
2024027,2024-01-27,14 15 16 19 22 23 26 27 38 39 45 46 47 50 55 64 68 69 73 77
2024028,2024-01-28,05 08 09 16 18 21 23 24 28 29 30 36 39 41 43 48 50 52 58 70
2024029,2024-01-29,04 06 08 10 14 17 19 24 25 28 46 51 55 56 60 65 66 70 75 76
2024030,2024-01-30,03 04 14 15 18 19 24 27 28 30 31 32 34 40 45 51 55 59 74 77
2024031,2024-01-31,02 09 14 15 16 17 18 27 29 31 36 39 42 53 55 56 57 67 70 80
2024032,2024-02-01,04 10 12 16 17 18 19 29 36 38 39 47 63 65 70 71 75 78 79 80
2024033,2024-02-02,03 07 09 14 18 24 25 32 33 36 37 38 42 51 59 64 67 69 70 78
2024034,2024-02-03,03 06 07 09 11 16 33 37 38 43 53 54 63 67 71 73 74 75 76 78
2024035,2024-02-04,01 03 05 06 08 10 16 19 20 26 29 31 39 44 45 47 49 57 64 66
2024036,2024-02-05,07 10 12 13 15 20 25 26 27 28 33 43 48 62 63 64 65 67 76 80
2024037,2024-02-06,02 07 09 11 17 19 23 48 52 59 66 67 69 70 71 72 73 75 76 78
2024038,2024-02-07,03 07 10 15 16 18 19 21 27 36 39 42 45 50 51 52 55 64 69 75
2024039,2024-02-08,05 06 08 15 16 23 26 29 30 37 42 44 47 53 56 57 59 61 63 70
2024040,2024-02-09,07 11 12 14 17 19 29 30 36 43 48 58 60 62 63 64 65 75 77 79
2024041,2024-02-10,02 09 13 14 20 21 22 24 26 29 44 45 50 51 55 62 75 76 78 80
2024042,2024-02-11,04 08 19 26 30 32 34 40 45 46 47 49 54 59 61 62 67 68 74 76
2024043,2024-02-12,04 06 10 11 12 14 26 28 31 32 39 42 48 56 57 65 70 72 74 76
2024044,2024-02-13,01 05 08 18 19 20 28 31 34 35 43 44 45 46 58 63 66 71 75 76
2024045,2024-02-14,03 11 23 24 29 40 48 50 53 55 58 60 63 64 65 68 69 72 75 78
2024046,2024-02-15,09 10 14 19 20 21 22 23 34 36 37 43 45 50 56 68 73 74 75 77
2024047,2024-02-16,02 10 13 16 17 18 19 21 23 24 35 42 46 47 50 53 54 62 70 79
2024048,2024-02-17,04 05 12 16 19 23 25 35 40 42 44 47 53 59 63 64 69 70 72 76
2024049,2024-02-18,03 04 06 11 20 24 31 35 37 40 41 42 46 47 56 58 60 63 75 76
2024050,2024-02-19,11 12 14 15 30 33 39 41 48 51 52 53 54 55 58 61 64 67 69 76
2024051,2024-02-20,02 11 15 16 21 23 27 31 36 57 59 62 63 65 66 70 72 76 77 80
2024052,2024-02-21,01 03 07 10 13 17 18 21 23 29 36 51 54 57 59 62 71 76 77 79
2024053,2024-02-22,06 09 11 12 15 19 29 35 36 37 38 40 51 60 62 63 64 67 77 78
2024054,2024-02-23,03 04 08 12 16 20 22 25 29 44 47 49 52 54 55 69 70 75 77 80
2024055,2024-02-24,01 07 09 10 20 26 31 32 39 40 43 46 52 60 61 63 70 73 74 79
2024056,2024-02-25,06 11 12 13 14 20 23 32 37 41 43 48 51 52 53 58 59 70 78 79
2024057,2024-02-26,01 05 08 15 18 24 29 30 32 36 41 43 51 52 54 56 57 68 72 77
2024058,2024-02-27,05 06 08 13 14 16 20 22 27 33 34 37 40 43 54 68 72 73 74 80
2024059,2024-02-28,03 04 07 09 24 28 30 32 34 36 42 45 46 48 52 64 70 71 72 75
2024060,2024-02-29,01 15 17 25 31 32 34 35 37 40 42 46 50 55 56 63 69 70 73 76
2024061,2024-03-01,01 04 09 14 15 24 28 30 34 48 52 56 59 63 67 68 72 75 77 79
2024062,2024-03-02,05 06 09 10 12 17 30 38 39 43 55 58 63 64 67 68 69 73 75 80
2024063,2024-03-03,04 05 10 11 15 19 24 25 36 37 39 42 49 55 56 57 70 77 78 80
2024064,2024-03-04,06 08 11 13 14 18 24 31 33 40 44 46 58 61 63 68 69 70 71 74
2024065,2024-03-05,06 10 14 15 18 22 25 26 28 32 37 44 45 49 58 64 66 71 72 73
2024066,2024-03-06,01 06 27 29 33 35 37 43 46 49 51 54 57 59 62 64 65 67 72 78
2024067,2024-03-07,01 10 13 21 26 27 28 31 34 36 49 60 64 65 70 73 76 77 78 80
2024068,2024-03-08,08 10 11 13 16 22 24 32 37 44 49 51 53 55 67 69 70 72 76 77
2024069,2024-03-09,01 10 11 12 13 27 30 34 35 36 37 38 39 49 54 61 63 69 74 79
2024070,2024-03-10,11 16 17 18 19 23 28 31 33 39 42 45 46 50 52 60 63 66 72 75
2024071,2024-03-11,07 08 09 18 19 28 39 40 41 45 51 52 57 59 60 63 68 73 77 80
2024072,2024-03-12,01 02 10 13 17 18 19 26 29 34 45 51 52 59 66 67 68 69 72 74
2024073,2024-03-13,02 08 10 18 30 31 38 42 46 47 51 53 55 58 60 62 65 70 71 76
2024074,2024-03-14,04 08 11 13 14 15 17 19 21 23 24 29 39 43 53 57 73 74 75 78
2024075,2024-03-15,01 02 19 20 26 31 39 42 48 51 52 53 54 58 59 60 61 72 76 77
2024076,2024-03-16,02 03 07 11 12 23 24 28 41 45 50 51 53 56 57 59 62 67 70 77
2024077,2024-03-17,02 06 08 12 13 17 21 22 23 24 32 35 41 47 48 52 62 72 75 80
2024078,2024-03-18,08 09 12 16 19 20 28 31 33 34 45 47 54 58 68 69 72 74 77 80
2024079,2024-03-19,04 11 15 17 21 25 28 29 34 50 52 58 60 65 67 70 72 73 75 76
2024080,2024-03-20,01 03 06 15 20 25 29 39 42 46 48 57 59 60 62 68 73 75 76 80
2024081,2024-03-21,05 07 12 14 23 24 25 26 29 32 41 46 51 57 60 67 72 73 74 77
2024082,2024-03-22,02 08 09 12 14 17 18 24 26 28 30 32 38 43 47 52 57 59 60 70
2024083,2024-03-23,11 19 21 22 26 32 34 38 43 47 49 51 52 54 55 56 58 61 64 79
2024084,2024-03-24,06 07 09 10 11 12 13 14 17 18 21 22 30 34 35 36 53 59 70 75
2024085,2024-03-25,01 06 21 25 26 28 29 31 35 40 42 52 54 55 63 66 73 75 76 80
2024086,2024-03-26,02 07 14 15 19 24 25 26 37 42 46 49 56 58 63 68 71 74 75 80
2024087,2024-03-27,05 08 09 13 21 22 23 32 34 36 38 44 47 48 49 51 69 78 79 80
2024088,2024-03-28,02 10 12 14 16 22 28 29 31 37 38 49 51 54 55 57 62 66 74 77
2024089,2024-03-29,02 05 07 08 19 20 31 32 36 38 39 41 45 55 62 68 70 71 73 76
2024090,2024-03-30,01 10 13 18 19 21 26 31 34 37 47 48 56 59 60 64 66 70 76 79
2024091,2024-03-31,01 18 19 21 23 30 33 36 37 42 44 45 48 56 57 61 63 72 75 77
2024092,2024-04-01,01 06 08 10 12 16 17 33 35 38 45 54 57 61 62 64 66 70 74 76
2024093,2024-04-02,03 14 17 18 19 20 25 26 27 29 33 34 40 50 55 57 58 63 73 78
2024094,2024-04-03,01 05 16 18 20 25 26 27 37 38 43 45 47 52 60 62 65 67 72 77
2024095,2024-04-04,09 19 20 21 26 28 29 44 47 51 54 55 57 58 62 63 65 66 75 79
2024096,2024-04-05,04 08 14 17 21 22 32 39 41 44 47 49 51 56 65 67 68 69 71 78
2024097,2024-04-06,05 06 11 13 14 18 21 27 28 31 36 38 39 42 43 45 53 69 72 73
2024098,2024-04-07,04 06 11 12 14 18 30 33 34 37 42 43 50 51 58 59 64 67 76 80
2024099,2024-04-08,06 09 11 14 18 19 22 33 38 39 40 43 44 47 48 51 53 64 68 78
2024100,2024-04-09,11 17 25 33 34 37 38 42 45 46 47 55 56 58 59 61 62 68 73 76
